ID,Name,Concepticon_ID,Concepticon_Gloss,concepticon_proposed,semantic_field
AugeN,Auge::N,1248,EYE,EYE,HUMAN BODY
OhrN,Ohr::N,1247,EAR,EAR,HUMAN BODY
NaseN,Nase::N,1221,NOSE,NOSE,HUMAN BODY
MundN,Mund::N,674,MOUTH,MOUTH,HUMAN BODY
ZahnN,Zahn::N,1380,TOOTH,TOOTH,HUMAN BODY
ZungeN,Zunge::N,1205,TONGUE,TONGUE,HUMAN BODY
LippeN,Lippe::N,478,LIP,LIP,HUMAN BODY
WangeN,Wange::N,1730,CHEEK,CHEEK,HUMAN BODY
GesichtN,Gesicht::N,1560,FACE,FACE,HUMAN BODY
StirnN,Stirn::N,123,FOREHEAD,FOREHEAD,HUMAN BODY
HaarN,Haar::N,1040,HAIR,HAIR,HUMAN BODY
SchnurrbartN,Schnurrbart::N,1165,MOUSTACHE,MOUSTACHE,HUMAN BODY
BartN,Bart::N,678,BEARD,BEARD,HUMAN BODY
KinnN,Kinn::N,1510,CHIN,CHIN,HUMAN BODY
KieferAnatomieN,Kiefer[Anatomie]::N,798,JAW,JAW,HUMAN BODY
KehleN,Kehle::N,1346,THROAT,THROAT,HUMAN BODY
HalsN,Hals::N,1333,NECK,NECK,HUMAN BODY
GenickN,Genick::N,1347,NAPE (OF NECK),NAPE_(OF_NECK),HUMAN BODY
KopfN,Kopf::N,1256,HEAD,HEAD,HUMAN BODY
RuckenN,Rücken::N,1291,BACK,BACK,HUMAN BODY
BauchN,Bauch::N,1251,BELLY,BELLY,HUMAN BODY
NabelN,Nabel::N,1838,NAVEL,NAVEL,HUMAN BODY
BusenN,Busen::N,1402,BREAST,BREAST,HUMAN BODY
BrustN,Brust::N,1592,CHEST,CHEST,HUMAN BODY
SchulterN,Schulter::N,1482,SHOULDER,SHOULDER,HUMAN BODY
ArmN,Arm::N,1673,ARM,ARM,HUMAN BODY
EllenbogenN,Ellenbogen::N,981,ELBOW,ELBOW,HUMAN BODY
HandN,Hand::N,1277,HAND,HAND,HUMAN BODY
HandflacheN,Handfläche::N,1183,PALM OF HAND,PALM_OF_HAND,HUMAN BODY
FingerN,Finger::N,1303,FINGER,FINGER,HUMAN BODY
FingernagelN,Fingernagel::N,1258,FINGERNAIL,FINGERNAIL,HUMAN BODY
NagelAnatomieN,Nagel[Anatomie]::N,1896,FINGERNAIL OR TOENAIL,FINGERNAIL_OR_TOENAIL,HUMAN BODY
ZehN,Zeh::N,1389,TOE,TOE,HUMAN BODY
FuN,Fuß::N,1301,FOOT,FOOT,HUMAN BODY
FerseN,Ferse::N,980,HEEL,HEEL,HUMAN BODY
KnieN,Knie::N,1371,KNEE,KNEE,HUMAN BODY
OberschenkelN,Oberschenkel::N,800,THIGH,THIGH,HUMAN BODY
BeinN,Bein::N,1297,LEG,LEG,HUMAN BODY
KorperN,Körper::N,1480,BODY,BODY,HUMAN BODY
HautN,Haut::N,763,SKIN,SKIN,HUMAN BODY
BlutN,Blut::N,946,BLOOD,BLOOD,HUMAN BODY
AderN,Ader::N,1924,VEIN,VEIN,HUMAN BODY
SehneN,Sehne::N,1137,TENDON,TENDON,HUMAN BODY
KnochenN,Knochen::N,1394,BONE,BONE,HUMAN BODY
GehirnN,Gehirn::N,1583,BRAIN,BRAIN,HUMAN BODY
HerzN,Herz::N,1223,HEART,HEART,HUMAN BODY
MagenN,Magen::N,819,STOMACH,STOMACH,HUMAN BODY
LeberN,Leber::N,1224,LIVER,LIVER,HUMAN BODY
AtemN,Atem::N,870,BREATH,BREATH,HUMAN BODY
HungerN,Hunger::N,1864,HUNGER,HUNGER,HUMAN BODY
TraneN,Träne::N,1651,TEAR (OF EYE),TEAR_(OF_EYE),HUMAN BODY
GeschmackN,Geschmack::N,2190,TASTE,TASTE,HUMAN BODY
GeruchN,Geruch::N,,,FLAVOR,HUMAN BODY
SchlafN,Schlaf::N,2972,SLEEP (STATE),SLEEP_(STATE),HUMAN BODY
TraumN,Traum::N,2374,DREAM,DREAM,HUMAN BODY
HimmelN,Himmel::N,1732,SKY,SKY,NATURE
SonneN,Sonne::N,1343,SUN,SUN,NATURE
MondN,Mond::N,1313,MOON,MOON,NATURE
SternN,Stern::N,1430,STAR,STAR,NATURE
LuftN,Luft::N,27,AIR,AIR,NATURE
WindN,Wind::N,960,WIND,WIND,NATURE
WelleN,Welle::N,978,WAVE,WAVE,NATURE
WasserN,Wasser::N,948,WATER,WATER,NATURE
SteinN,Stein::N,668,ROCK,ROCK,NATURE
BodenN,Boden::N,2159,GROUND,GROUND,NATURE
ErdeN,Erde::N,1228,EARTH (SOIL),EARTH_(SOIL),NATURE
StaubN,Staub::N,2,DUST,DUST,NATURE
RauchN,Rauch::N,778,SMOKE (EXHAUST),SMOKE_(EXHAUST),NATURE
FunkeN,Funke::N,518,SPARK,SPARK,NATURE
FeuerN,Feuer::N,221,FIRE,FIRE,NATURE
LichtN,Licht::N,630,LIGHT (RADIATION),LIGHT_(RADIATION),NATURE
SchattenN,Schatten::N,1388,SHADE,SHADE,NATURE
WetterN,Wetter::N,952,WEATHER,WEATHER,NATURE
NebelN,Nebel::N,249,FOG,FOG,NATURE
WolkeN,Wolke::N,1489,CLOUD,CLOUD,NATURE
RegenN,Regen::N,658,RAIN (PRECIPITATION),RAIN_(PRECIPITATION),NATURE
SchneeN,Schnee::N,784,SNOW,SNOW,NATURE
EisN,Eis::N,617,ICE,ICE,NATURE
FrostN,Frost::N,2034,FROST,FROST,NATURE
KalteN,Kälte::N,2932,COLD (CHILL),CHILL,NATURE
HitzeN,Hitze::N,612,HEAT,HEAT,NATURE
RaureifN,Raureif::N,2942,HOARFROST,HOARFROST,NATURE
RegenbogenN,Regenbogen::N,1733,RAINBOW,RAINBOW,NATURE
DonnerN,Donner::N,1150,THUNDER,THUNDER,NATURE
StromungN,Strömung::N,2935,CURRENT (STREAM),CURRENT,NATURE
TropfenN,Tropfen::N,,,DROP_(OF_LIQUID),NATURE
SchaumN,Schaum::N,1768,FOAM,FOAM,NATURE
SchmutzN,Schmutz::N,25,DIRT,DIRT,NATURE
SeeN,See::N,624,LAKE,LAKE,NATURE
SumpfN,Sumpf::N,1145,SWAMP,SWAMP,NATURE
MoorN,Moor::N,2962,MOORLAND,MOOR,NATURE
WieseN,Wiese::N,649,PASTURE,MEADOW,NATURE
WaldN,Wald::N,420,FOREST,FOREST,NATURE
HugelN,Hügel::N,614,HILL,HILL,NATURE
AnhoheN,Anhöhe::N,2936,ELEVATION,ELEVATION,NATURE
BergN,Berg::N,639,MOUNTAIN,MOUNTAIN,NATURE
GipfelN,Gipfel::N,1614,SUMMIT,SUMMIT,NATURE
HohleN,Höhle::N,1155,CAVE,CAVE,NATURE
AbhangN,Abhang::N,618,PRECIPICE,PRECIPICE,NATURE
QuelleN,Quelle::N,849,SPRING (OF WATER),SPRING_(OF_WATER),NATURE
BachN,Bach::N,,,BROOK,NATURE
FlussN,Fluss::N,666,RIVER,RIVER,NATURE
UferN,Ufer::N,113,SHORE,SHORE,NATURE
KusteN,Küste::N,1525,COAST,COAST,NATURE
FestlandN,Festland::N,166,MAINLAND,MAINLAND,NATURE
MeerN,Meer::N,1474,SEA,SEA,NATURE
BuchtN,Bucht::N,663,BAY,BAY,NATURE
InselN,Insel::N,622,ISLAND,ISLAND,NATURE
BlumeN,Blume::N,239,FLOWER,FLOWER,PLANTS
GrasN,Gras::N,606,GRASS,GRASS,PLANTS
WurzelN,Wurzel::N,670,ROOT,ROOT,PLANTS
BaumN,Baum::N,906,TREE,TREE,PLANTS
StammN,Stamm::N,344,TREE TRUNK,TREE_TRUNK,PLANTS
RindeN,Rinde::N,1204,BARK,BARK,PLANTS
AstN,Ast::N,1531,BRANCH,BRANCH,PLANTS
ZweigN,Zweig::N,,,TWIG,PLANTS
BlattN,Blatt::N,628,LEAF,LEAF,PLANTS
BirkeN,Birke::N,1855,BIRCH,BIRCH,PLANTS
KieferBaumN,Kiefer[Baum]::N,1740,PINE,PINE,PLANTS
WeideBaumN,Weide[Baum]::N,818,WILLOW,WILLOW,PLANTS
TanneN,Tanne::N,1915,FIR,FIR,PLANTS
HornN,Horn::N,1393,HORN (ANATOMY),HORN_(ANATOMY),ANIMALS
FederN,Feder::N,1201,FEATHER,FEATHER,ANIMALS
FellN,Fell::N,580,FUR,FUR,ANIMALS
FlugelN,Flügel::N,1257,WING,WING,ANIMALS
KlaueN,Klaue::N,72,CLAW,CLAW,ANIMALS
KralleN,Kralle::N,2965,PAW,PAW,ANIMALS
SchwanzN,Schwanz::N,1220,TAIL,TAIL,ANIMALS
EiN,Ei::N,744,EGG,EGG,ANIMALS
NestN,Nest::N,539,NEST,NEST,ANIMALS
BauN,Bau::N,2949,LAIR,LAIR,ANIMALS
TierN,Tier::N,619,ANIMAL,ANIMAL,ANIMALS
HerdeN,Herde::N,2939,FLOCK (OF ANIMALS),FLOCK_(OF_SHEEP),ANIMALS
KuhN,Kuh::N,1007,COW,COW,ANIMALS
BulleN,Bulle::N,1008,BULL,BULL,ANIMALS
PferdN,Pferd::N,615,HORSE,HORSE,ANIMALS
SchafN,Schaf::N,1331,SHEEP,SHEEP,ANIMALS
SchweinN,Schwein::N,1337,PIG,PIG,ANIMALS
HundN,Hund::N,2009,DOG,DOG,ANIMALS
KatzeN,Katze::N,1208,CAT,CAT,ANIMALS
BarN,Bär::N,1820,BEAR,BEAR,ANIMALS
EichhornchenN,Eichhörnchen::N,1628,SQUIRREL,SQUIRREL,ANIMALS
ElchN,Elch::N,1772,ELK,ELK,ANIMALS
FuchsN,Fuchs::N,1312,FOX,FOX,ANIMALS
HaseN,Hase::N,1190,HARE,HARE,ANIMALS
MausN,Maus::N,1491,MOUSE,MOUSE,ANIMALS
WolfN,Wolf::N,522,WOLF,WOLF,ANIMALS
VogelN,Vogel::N,937,BIRD,BIRD,ANIMALS
SchwarmN,Schwarm::N,2974,SWARM (OF BIRDS),SWARM,ANIMALS
HuhnN,Huhn::N,1318,CHICKEN,CHICKEN,ANIMALS
HahnN,Hahn::N,1511,ROOSTER,ROOSTER,ANIMALS
GansN,Gans::N,1187,GOOSE,GOOSE,ANIMALS
AdlerN,Adler::N,1905,EAGLE,EAGLE,ANIMALS
EnteN,Ente::N,1360,DUCK,DUCK,ANIMALS
EuleN,Eule::N,735,OWL,OWL,ANIMALS
KranichN,Kranich::N,1830,CRANE,CRANE,ANIMALS
KraheN,Krähe::N,913,CROW,CROW,ANIMALS
KuckuckN,Kuckuck::N,2934,CUCKOO,CUCKOO,ANIMALS
SchwanN,Schwan::N,2837,SWAN,SWAN,ANIMALS
FischN,Fisch::N,227,FISH,FISH,ANIMALS
BarschN,Barsch::N,2966,PERCH (FISH),PERCH_(FISH),ANIMALS
HechtN,Hecht::N,2967,PIKE (FISH),PIKE_(FISH),ANIMALS
SchlangeTierN,Schlange[Tier]::N,730,SNAKE,SNAKE,ANIMALS
WurmN,Wurm::N,1219,WORM,WORM,ANIMALS
SpinneN,Spinne::N,843,SPIDER,SPIDER,ANIMALS
AmeiseN,Ameise::N,587,ANT,ANT,ANIMALS
LausN,Laus::N,1392,LOUSE,LOUSE,ANIMALS
MuckeN,Mücke::N,1509,MOSQUITO,MOSQUITO,ANIMALS
FliegeN,Fliege::N,1504,FLY (INSECT),FLY_(INSECT),ANIMALS
SchmetterlingN,Schmetterling::N,1791,BUTTERFLY,BUTTERFLY,ANIMALS
BeereN,Beere::N,904,BERRY,BERRY,PLANTS
ApfelN,Apfel::N,1320,APPLE,APPLE,PLANTS
PilzN,Pilz::N,641,MUSHROOM,MUSHROOM,PLANTS
ZwiebelN,Zwiebel::N,2366,ONION,ONION,PLANTS
SaatN,Saat::N,714,SEED,SEED,PLANTS
KornN,Korn::N,605,GRAIN,GRAIN_(SINGLE),PLANTS
HeuN,Heu::N,342,HAY,HAY,PLANTS
SchaleN,Schale::N,2373,SKIN (OF FRUIT),SKIN_(OF_FRUIT),PLANTS
GrubeN,Grube::N,2539,PIT (POTHOLE),PIT_(POTHOLE),NATURE
FalleN,Falle::N,1075,TRAP (PITFALL),TRAP_(PITFALL),SUBSISTENCE
SchlingeN,Schlinge::N,2604,NOOSE,NOOSE,CLOTHING
SpurN,Spur::N,318,FOOTPRINT,TRACK_(OF_ANIMAL),ANIMALS
AscheN,Asche::N,646,ASH,ASH,CRAFTS
DreckN,Dreck::N,,,FILTH,HYGIENE
EisenN,Eisen::N,621,IRON,IRON,CRAFTS
GoldN,Gold::N,1369,GOLD,GOLD,CRAFTS
SilberN,Silber::N,759,SILVER,SILVER,CRAFTS
KohleN,Kohle::N,2658,COAL,CHARCOAL,CRAFTS
GlasN,Glas::N,604,GLASS,GLASS,CRAFTS
LehmN,Lehm::N,1399,CLAY,CLAY,CRAFTS
SandN,Sand::N,671,SAND,SAND,CRAFTS
MenschN,Mensch::N,683,PERSON,PERSON,KINSHIP
MannN,Mann::N,1554,MAN,MAN,KINSHIP
FrauN,Frau::N,962,WOMAN,WOMAN,KINSHIP
KindN,Kind::N,1304,CHILD (YOUNG HUMAN),CHILD_(YOUNG_HUMAN),KINSHIP
JungeN,Junge::N,1366,BOY,BOY,KINSHIP
MadchenN,Mädchen::N,1646,GIRL,GIRL,KINSHIP
FamilieN,Familie::N,194,FAMILY,FAMILY,KINSHIP
GrovaterN,Großvater::N,1383,GRANDFATHER,GRANDFATHER,KINSHIP
GromutterN,Großmutter::N,1496,GRANDMOTHER,GRANDMOTHER,KINSHIP
ElternN,Eltern::N,505,PARENTS,PARENTS,KINSHIP
VaterN,Vater::N,1217,FATHER,FATHER,KINSHIP
MutterN,Mutter::N,1216,MOTHER,MOTHER,KINSHIP
SohnN,Sohn::N,1620,SON,SON,KINSHIP
TochterN,Tochter::N,1357,DAUGHTER,DAUGHTER,KINSHIP
BruderN,Bruder::N,1262,BROTHER,BROTHER,KINSHIP
SchwesterN,Schwester::N,1263,SISTER,SISTER,KINSHIP
OnkelN,Onkel::N,1327,UNCLE,UNCLE,KINSHIP
TanteN,Tante::N,1272,AUNT,AUNT,KINSHIP
EhemannN,Ehemann::N,1200,HUSBAND,HUSBAND,KINSHIP
EhefrauN,Ehefrau::N,1199,WIFE,WIFE,KINSHIP
FreudeN,Freude::N,2524,JOY,JOY,EMOTIONS
GelachterN,Gelächter::N,2958,LAUGHTER,LAUGHTER,EMOTIONS
GluckN,Glück::N,2941,HAPPINESS,HAPPINESS,EMOTIONS
KummerN,Kummer::N,1668,GRIEF,GRIEF,EMOTIONS
WunschN,Wunsch::N,,,LONGING,EMOTIONS
LustN,Lust::N,,,DESIRE,EMOTIONS
GeistN,Geist::N,53,SPIRIT,SPIRIT,RELIGION
GedankeN,Gedanke::N,2975,THOUGHT,THOUGHT,THINKING
GedachtnisN,Gedächtnis::N,1018,MEMORY,MEMORY,THINKING
VerstandN,Verstand::N,1562,MIND,MIND,THINKING
SinnN,Sinn::N,2950,MEANING,MEANING,THINKING
GrundN,Grund::N,2968,REASON,REASON,THINKING
WahrheitN,Wahrheit::N,1638,TRUTH,TRUTH,THINKING
GesprachN,Gespräch::N,2933,CONVERSATION,CONVERSATION,LANGUAGE
MarchenN,Märchen::N,2937,FAIRY TALE,FAIRY_TALE,LANGUAGE
ErzahlungN,Erzählung::N,2060,STORY,STORY,LANGUAGE
NachrichtN,Nachricht::N,2961,MESSAGE,MESSAGE,LANGUAGE
NeuigkeitN,Neuigkeit::N,2964,NEWS,NEWS,LANGUAGE
NameN,Name::N,1405,NAME,NAME,LANGUAGE
RatselN,Rätsel::N,,,SPEECH_(ADDRESS),LANGUAGE
RedeN,Rede::N,1115,SPEECH,SPEECH,LANGUAGE
SpracheN,Sprache::N,1307,LANGUAGE,LANGUAGE,LANGUAGE
StimmeN,Stimme::N,1363,VOICE,VOICE,LANGUAGE
WortN,Wort::N,1599,WORD,WORD,LANGUAGE
ZeichenN,Zeichen::N,1720,SIGN,SIGN,LANGUAGE
RufN,Ruf::N,2944,CALL (APPEAL),CALL_(APPEAL),LANGUAGE
LarmN,Lärm::N,1182,NOISE,NOISE,SENSES
LautN,Laut::N,1811,SOUND OR NOISE,SOUND_OR_NOISE,SENSES
TonN,Ton::N,2995,TONE (MUSIC),TONE_(MUSIC),SENSES
LiedN,Lied::N,1096,SONG,SONG,LANGUAGE
RuheN,Ruhe::N,1314,QUIET,QUIET,SENSES
LeuteN,Leute::N,,,PEOPLE_(SEVERAL),SOCIAL RELATIONS
VolkN,Volk::N,789,PEOPLE,PEOPLE,SOCIAL RELATIONS
ArbeitN,Arbeit::N,984,WORK (LABOUR),WORK_(LABOUR),SOCIAL RELATIONS
GastN,Gast::N,1782,GUEST,GUEST,SOCIAL RELATIONS
GeschenkN,Geschenk::N,2982,GIFT,GIFT,SOCIAL RELATIONS
SpielN,Spiel::N,2467,GAME,GAME,SOCIAL RELATIONS
GesellschaftN,Gesellschaft::N,2983,COMPANIONSHIP,COMPANIONSHIP,SOCIAL RELATIONS
HilfeN,Hilfe::N,,,HELP,SOCIAL RELATIONS
FreundN,Freund::N,1325,FRIEND,FRIEND,SOCIAL RELATIONS
KameradN,Kamerad::N,,,COMPANION,SOCIAL RELATIONS
AngelegenheitN,Angelegenheit::N,,,MATTER_(AFFAIR),CLASSIFICATION
AnzahlN,Anzahl::N,2945,COUNT (QUANTITY),COUNT_(NUMBER),MATHEMATICS
ArtN,Art::N,844,KIND (THING),KIND_(THING),CLASSIFICATION
StuckN,Stück::N,594,PIECE,PIECE,CLASSIFICATION
TeilN,Teil::N,779,PART,PART,CLASSIFICATION
HalfteN,Hälfte::N,816,HALF,HALF,CLASSIFICATION
KreisN,Kreis::N,1467,CIRCLE,CIRCLE,CLASSIFICATION
KreuzN,Kreuz::N,1367,CROSS,CROSS,CLASSIFICATION
LinieN,Linie::N,1048,LINE,LINE,CLASSIFICATION
StrichN,Strich::N,2993,STROKE (OF PEN),STROKE_(OF_PEN),CLASSIFICATION
AbstandN,Abstand::N,2948,GAP (DISTANCE),GAP,CLASSIFICATION
EntfernungN,Entfernung::N,2978,DISTANCE,DISTANCE,CLASSIFICATION
GegendN,Gegend::N,2980,AREA,AREA,CLASSIFICATION
PlatzN,Platz::N,3006,SPACE (AVAILABLE),SPACE_(FREE),CLASSIFICATION
OrtN,Ort::N,723,PLACE (POSITION),PLACE_(POSITION),CLASSIFICATION
SeiteN,Seite::N,682,SIDE,SIDE_(OF_OBJECT),CLASSIFICATION
MitteN,Mitte::N,1093,MIDDLE,MIDDLE,CLASSIFICATION
GegenstandN,Gegenstand::N,2981,ITEM,ITEM_(TOUCHABLE),CLASSIFICATION
SacheN,Sache::N,738,THING,THING,CLASSIFICATION
RandN,Rand::N,2989,FRINGE,FRINGE,CLASSIFICATION
KanteN,Kante::N,863,EDGE,EDGE,CLASSIFICATION
EckeN,Ecke::N,192,CORNER,CORNER_(OUTSIDE),CLASSIFICATION
SpitzeN,Spitze::N,2992,TIP (OF OBJECT),TIP_(OF_OBJECT),CLASSIFICATION
EndeN,Ende::N,742,END (OF SPACE),END_(OF_SPACE),CLASSIFICATION
LochN,Loch::N,1667,HOLE,HOLE,CLASSIFICATION
WinkelN,Winkel::N,,,CORNER,CLASSIFICATION
MusterN,Muster::N,2988,PATTERN,PATTERN,CLASSIFICATION
GroeN,Größe::N,2845,SIZE (OF OBJECT),SIZE_(OF_OBJECT),MATHEMATICS
LangeN,Länge::N,2537,LENGTH,LENGTH,MATHEMATICS
HoheN,Höhe::N,2985,HEIGHT,HEIGHT,MATHEMATICS
GewichtN,Gewicht::N,2466,WEIGHT,WEIGHT,MATHEMATICS
MengeN,Menge::N,2987,AMOUNT,AMOUNT,MATHEMATICS
HaufenN,Haufen::N,2984,HEAP,HEAP,CLASSIFICATION
ReiheN,Reihe::N,,,ROW_(OF_OBJECTS),CLASSIFICATION
BootN,Boot::N,1844,BOAT,BOAT,TRAVEL
RuderN,Ruder::N,234,PADDLE,PADDLE,TRAVEL
SchlittenN,Schlitten::N,16,SLED,SLEDGE,TRAVEL
SkiN,Ski::N,2991,SKI,SKI,TRAVEL
LagerfeuerN,Lagerfeuer::N,2986,CAMPFIRE,CAMPFIRE,TRAVEL
LastN,Last::N,1679,LOAD,LOAD,TRAVEL
GangN,Gang::N,2979,WALK (MANNER),WALK_(TRIP),TRAVEL
SchrittN,Schritt::N,1158,STEP,STEP,TRAVEL
NordenN,Norden::N,1598,NORTH,NORTH,TRAVEL
SudenN,Süden::N,1595,SOUTH,SOUTH,TRAVEL
WestenN,Westen::N,1817,WEST,WEST,TRAVEL
OstenN,Osten::N,1877,EAST,EAST,TRAVEL
HolzN,Holz::N,1803,WOOD,WOOD,CRAFTS
BrettN,Brett::N,1227,BOARD,BOARD,CRAFTS
PlatteN,Platte::N,2952,SLAB,SLAB,CRAFTS
StutzeN,Stütze::N,2994,SUPPORT (OF OBJECT),SUPPORT_(OF_OBJECT),CRAFTS
StangeN,Stange::N,281,POST,POLE,CRAFTS
StockN,Stock::N,1295,STICK,STICK,CRAFTS
StabN,Stab::N,,,STAFF,CRAFTS
RohrN,Rohr::N,2956,TUBE,TUBE,CRAFTS
HausN,Haus::N,1252,HOUSE,HOUSE,HOUSING
HeimN,Heim::N,2406,HOME,HOME,HOUSING
OfenN,Ofen::N,859,STOVE,STOVE,HOUSING
FubodenN,Fußboden::N,1632,FLOOR,FLOOR,HOUSING
TischN,Tisch::N,1775,TABLE,TABLE,HOUSING
StuhlN,Stuhl::N,1476,CHAIR,CHAIR,HOUSING
WiegeN,Wiege::N,2946,CRADLE,CRADLE,HOUSING
BettN,Bett::N,1663,BED,BED,HOUSING
RegalN,Regal::N,745,SHELF,SHELF,HOUSING
KisteN,Kiste::N,1465,BOX,BOX,HOUSING
FensterN,Fenster::N,1375,WINDOW,WINDOW,HOUSING
TurN,Tür::N,1567,DOOR,DOOR,HOUSING
TorN,Tor::N,2940,GATE,GATE,HOUSING
ZaunN,Zaun::N,1690,FENCE,FENCE,HOUSING
DachN,Dach::N,769,ROOF,ROOF,HOUSING
LeiterN,Leiter::N,1464,LADDER,LADDER,HOUSING
BesenN,Besen::N,245,BROOM,BROOM,ARTIFACTS
SpatenN,Spaten::N,1176,SPADE,SPADE,ARTIFACTS
SchaufelN,Schaufel::N,1901,SHOVEL,SHOVEL,ARTIFACTS
GabelN,Gabel::N,1302,FORK,FORK,ARTIFACTS
LoffelN,Löffel::N,1378,SPOON,SPOON,ARTIFACTS
MesserN,Messer::N,1352,KNIFE,KNIFE,ARTIFACTS
NagelN,Nagel::N,502,NAIL (TOOL),NAIL_(TOOL),ARTIFACTS
NetzN,Netz::N,2963,NET,NET,ARTIFACTS
HakenN,Haken::N,1071,HOOK,HOOK,ARTIFACTS
GriffN,Griff::N,1254,HANDLE,HANDLE,ARTIFACTS
SchlossN,Schloss::N,1596,LOCK,LOCK,ARTIFACTS
BildN,Bild::N,2401,PICTURE,PICTURE,ARTIFACTS
FigurN,Figur::N,1945,IDOL,IDOL,ARTIFACTS
PuppeN,Puppe::N,1659,DOLL,DOLL,ARTIFACTS
BeutelN,Beutel::N,2951,POUCH,POUCH,ARTIFACTS
BundelN,Bündel::N,2943,BUNDLE,BUNDLE,ARTIFACTS
TascheN,Tasche::N,2468,BAG,BAG,ARTIFACTS
EimerN,Eimer::N,2052,BUCKET,BUCKET,ARTIFACTS
DeckelN,Deckel::N,2319,"LID (COVER, CAP)","LID_(COVER,_CAP)",ARTIFACTS
GeschirrN,Geschirr::N,481,DISH,DISHWARE,ARTIFACTS
SackN,Sack::N,2990,SACK,SACK,ARTIFACTS
TasseN,Tasse::N,476,CUP,CUP,ARTIFACTS
TopfN,Topf::N,1462,POT,POT,ARTIFACTS
KesselN,Kessel::N,854,KETTLE,KETTLE,ARTIFACTS
EssenN,Essen::N,1526,MEAL,MEAL,SUBSISTENCE
NahrungN,Nahrung::N,256,FOOD,FOOD,SUBSISTENCE
SpeiseN,Speise::N,,,DISH_(FOOD),SUBSISTENCE
FleischN,Fleisch::N,634,MEAT,MEAT,SUBSISTENCE
GetreideN,Getreide::N,,,GRAIN,SUBSISTENCE
BreiN,Brei::N,400,MUSH,MUSH,SUBSISTENCE
BrotN,Brot::N,1368,BREAD,BREAD,SUBSISTENCE
ScheibeN,Scheibe::N,2954,SLICE,SLICE,SUBSISTENCE
FettN,Fett::N,323,FAT (ORGANIC SUBSTANCE),FAT_(ORGANIC_SUBSTANCE),SUBSISTENCE
ButterN,Butter::N,1245,BUTTER,BUTTER,SUBSISTENCE
OlN,Öl::N,1484,OIL (ORGANIC SUBSTANCE),OIL (ORGANIC SUBSTANCE),SUBSISTENCE
SalzN,Salz::N,1274,SALT,SALT,SUBSISTENCE
SuppeN,Suppe::N,1547,SOUP,SOUP,SUBSISTENCE
HonigN,Honig::N,942,HONEY,HONEY,SUBSISTENCE
MilchN,Milch::N,635,MILK,MILK,SUBSISTENCE
TeeN,Tee::N,1373,TEA,TEA,SUBSISTENCE
LederN,Leder::N,629,LEATHER,LEATHER,CLOTHING
WolleN,Wolle::N,964,WOOL,WOOL,CLOTHING
StoffN,Stoff::N,1616,CLOTH,CLOTH,CLOTHING
NadelN,Nadel::N,1382,NEEDLE (FOR SEWING),NEEDLE_(FOR_SEWING),CLOTHING
FadenN,Faden::N,1161,THREAD,THREAD,CLOTHING
KnopfN,Knopf::N,757,BUTTON,BUTTON,CLOTHING
KnotenN,Knoten::N,760,KNOT,KNOT,CLOTHING
FarbeN,Farbe::N,647,PAINT (PIGMENTS),PAINT_(PIGMENTS),CLOTHING
KleidungN,Kleidung::N,1895,CLOTHES,CLOTHES,CLOTHING
HemdN,Hemd::N,1622,SHIRT,SHIRT,CLOTHING
KragenN,Kragen::N,2012,COLLAR,COLLAR,CLOTHING
ArmelN,Ärmel::N,2953,SLEEVE,SLEEVE,CLOTHING
HoseN,Hose::N,809,TROUSERS,TROUSERS,CLOTHING
GurtelN,Gürtel::N,772,BELT,BELT,CLOTHING
MutzeN,Mütze::N,1288,CAP,CAP,CLOTHING
SchuhN,Schuh::N,1381,SHOE,SHOE,CLOTHING
StiefelN,Stiefel::N,585,BOOT,BOOT,CLOTHING
RingN,Ring::N,1374,RING,RING,CLOTHING
BandN,Band::N,2969,RIBBON,RIBBON,CLOTHING
KammN,Kamm::N,1475,COMB,COMB,CLOTHING
SpiegelN,Spiegel::N,1171,MIRROR,MIRROR,HYGIENE
RiemenN,Riemen::N,2973,STRAP,STRAP,CLOTHING
SchnurN,Schnur::N,362,STRING,STRING,CLOTHING
LeineN,Leine::N,2959,LEASH,LEASH,CLOTHING
DeckeN,Decke::N,806,BLANKET,BLANKET,CLOTHING
KissenN,Kissen::N,1044,PILLOW,PILLOW,CLOTHING
TuchN,Tuch::N,,,SCARF,CLOTHING
HandtuchN,Handtuch::N,1021,TOWEL,TOWEL,CLOTHING
KraftN,Kraft::N,,,FORCE,MANIPULATION
StarkeN,Stärke::N,202,STRENGTH,STRENGTH,HUMAN BODY
GesundheitN,Gesundheit::N,1364,HEALTHY,HEALTHY,HUMAN BODY
KrankheitN,Krankheit::N,1986,DISEASE,DISEASE,HUMAN BODY
SchmerzN,Schmerz::N,1783,PAIN,PAIN,HUMAN BODY
WundeN,Wunde::N,1109,WOUND,WOUND,HUMAN BODY
FieberN,Fieber::N,1534,FEVER,FEVER,HUMAN BODY
ArzneiN,Arznei::N,1372,MEDICINE,MEDICINE,HUMAN BODY
BruckeN,Brücke::N,1011,BRIDGE,BRIDGE,HOUSING
BrunnenN,Brunnen::N,954,WELL,WELL,HOUSING
WeideN,Weide::N,,,PASTURE,HOUSING
PfadN,Pfad::N,2252,PATH,PATH,HOUSING
WegN,Weg::N,2457,PATH OR ROAD,WAY,HOUSING
StraeN,Straße::N,667,ROAD,ROAD,HOUSING
DorfN,Dorf::N,930,VILLAGE,VILLAGE,HOUSING
StadtN,Stadt::N,1391,TOWN,TOWN,HOUSING
BriefN,Brief::N,1612,LETTER,LETTER,WRITING
BuchN,Buch::N,963,BOOK,BOOK,WRITING
BuchstabeN,Buchstabe::N,1024,CHARACTER,CHARACTER,WRITING
ZeitungN,Zeitung::N,1298,NEWSPAPER,NEWSPAPER,WRITING
LebenN,Leben::N,210,LIFE,LIFE,RELIGION
TodN,Tod::N,910,DEATH,DEATH,RELIGION
GrabN,Grab::N,1773,GRAVE,GRAVE,RELIGION
KircheN,Kirche::N,1349,CHURCH,CHURCH,RELIGION
SundeN,Sünde::N,2971,SIN,SIN,RELIGION
GottN,Gott::N,1944,GOD,GOD,RELIGION
ArbeiterN,Arbeiter::N,2977,WORKER,WORKER,SOCIAL RELATIONS
ChefN,Chef::N,2930,BOSS,BOSS,SOCIAL RELATIONS
MeisterN,Meister::N,383,MASTER,MASTER_(TRADE),SOCIAL RELATIONS
ArztN,Arzt::N,597,PHYSICIAN,PHYSICIAN,SOCIAL RELATIONS
LehrerN,Lehrer::N,1038,TEACHER,TEACHER,SOCIAL RELATIONS
GeldN,Geld::N,1559,MONEY,MONEY,TRADE
GeschaftN,Geschäft::N,2931,BUSINESS,BUSINESS,TRADE
LadenN,Laden::N,746,SHOP,SHOP,TRADE
PreisN,Preis::N,657,PRICE,PRICE,TRADE
WareN,Ware::N,2957,WARE,WARE,TRADE
NutzenN,Nutzen::N,2929,BENEFIT,BENEFIT,TRADE
ReichtumN,Reichtum::N,2996,WEALTH,WEALTH,TRADE
WeltN,Welt::N,965,WORLD,WORLD,RELIGION
LandN,Land::N,1300,COUNTRY,COUNTRY,POLITICS
StaatN,Staat::N,2955,STATE (POLITICS),STATE_(POLITICS),POLITICS
KonigN,König::N,1508,KING,KING,POLITICS
MachtN,Macht::N,2526,POWER,POWER,POLITICS
GrenzeN,Grenze::N,2546,BORDER,BORDER,POLITICS
KriegN,Krieg::N,935,WAR,WAR,WARFARE
FeindN,Feind::N,1358,ENEMY,ENEMY,WARFARE
GewaltN,Gewalt::N,2976,VIOLENCE,VIOLENCE,WARFARE
KampfN,Kampf::N,,,FIGHT,WARFARE
BogenWaffeN,Bogen[Waffe]::N,994,BOW,BOW,WARFARE
PfeilN,Pfeil::N,977,ARROW,ARROW,WARFARE
GewehrN,Gewehr::N,1566,GUN,GUN,WARFARE
FehlerN,Fehler::N,1293,MISTAKE,MISTAKE,NEGATIVE INTERACTION
LugeN,Lüge::N,475,UNTRUTH,UNTRUTH,NEGATIVE INTERACTION
SchadenN,Schaden::N,2947,DAMAGE (INJURY),DAMAGE_(HARM),NEGATIVE INTERACTION
UngluckN,Unglück::N,56,BAD LUCK,BAD LUCK,NEGATIVE INTERACTION
SchuldN,Schuld::N,134,FAULT,FAULT,NEGATIVE INTERACTION
AlterN,Alter::N,1789,AGE,AGE,TIME
SchlussN,Schluss::N,743,END (OF TIME),END_(OF_TIME),TIME
ZeitN,Zeit::N,892,TIME,TIME,TIME
TagN,Tag::N,1225,DAY (NOT NIGHT),DAY_(NOT_NIGHT),TIME
MorgenN,Morgen::N,1339,MORNING,MORNING,TIME
MittagN,Mittag::N,12,MIDDAY,MIDDAY,TIME
AbendN,Abend::N,1629,EVENING,EVENING,TIME
NachtN,Nacht::N,1233,NIGHT,NIGHT,TIME
WocheN,Woche::N,1469,WEEK,WEEK,TIME
MonatN,Monat::N,1370,MONTH,MONTH,TIME
JahrN,Jahr::N,1226,YEAR,YEAR,TIME
FruhlingN,Frühling::N,1537,SPRINGTIME,SPRINGTIME,TIME
SommerN,Sommer::N,1342,SUMMER,SUMMER,TIME
HerbstN,Herbst::N,1276,AUTUMN,AUTUMN,TIME
WinterN,Winter::N,1471,WINTER,WINTER,TIME
JanuarN,Januar::N,2036,JANUARY,JANUARY,CALENDAR
FebruarN,Februar::N,2037,FEBRUARY,FEBRUARY,CALENDAR
MarzN,März::N,2846,MARCH,MARCH,CALENDAR
AprilN,April::N,2847,APRIL,APRIL,CALENDAR
MaiN,Mai::N,2848,MAY (MONTH),MAY,CALENDAR
JuniN,Juni::N,2849,JUNE,JUNE,CALENDAR
JuliN,Juli::N,2850,JULY,JULY,CALENDAR
AugustN,August::N,2851,AUGUST,AUGUST,CALENDAR
SeptemberN,September::N,2852,SEPTEMBER,SEPTEMBER,CALENDAR
OktoberN,Oktober::N,2853,OCTOBER,OCTOBER,CALENDAR
NovemberN,November::N,2854,NOVEMBER,NOVEMBER,CALENDAR
DezemberN,Dezember::N,2855,DECEMBER,DECEMBER,CALENDAR
MontagN,Montag::N,1697,MONDAY,MONDAY,CALENDAR
DienstagN,Dienstag::N,1695,TUESDAY,TUESDAY,CALENDAR
MittwochN,Mittwoch::N,1694,WEDNESDAY,WEDNESDAY,CALENDAR
DonnerstagN,Donnerstag::N,1693,THURSDAY,THURSDAY,CALENDAR
FreitagN,Freitag::N,1692,FRIDAY,FRIDAY,CALENDAR
SamstagN,Samstag::N,1700,SATURDAY,SATURDAY,CALENDAR
SonntagN,Sonntag::N,1699,SUNDAY,SUNDAY,CALENDAR
groA,groß::A,1202,BIG,BIG,QUALITIES
kleinA,klein::A,1246,SMALL,SMALL,QUALITIES
langA,lang::A,1203,LONG,LONG,QUALITIES
kurzA,kurz::A,1645,SHORT,SHORT,QUALITIES
breitA,breit::A,1243,WIDE,WIDE,QUALITIES
schmalA,schmal::A,1267,NARROW,NARROW,QUALITIES
dichtA,dicht::A,2239,DENSE,DENSE,QUALITIES
dickGegenstandA,dick[Gegenstand]::A,1244,THICK,THICK,QUALITIES
dunnA,dünn::A,2249,THIN (OF SHAPE OF OBJECT),THIN (OF SHAPE OF OBJECT),QUALITIES
feinA,fein::A,2157,FINE OR THIN,FINE_OR_THIN,QUALITIES
festA,fest::A,3003,SOLID,SOLID,QUALITIES
flachA,flach::A,1633,FLAT,FLAT,QUALITIES
glattA,glatt::A,1234,SMOOTH,SMOOTH,QUALITIES
hartA,hart::A,1884,HARD,HARD,QUALITIES
weichA,weich::A,1856,SOFT,SOFT,QUALITIES
rundA,rund::A,1395,ROUND,ROUND,QUALITIES
spitzA,spitz::A,372,POINTED,POINTED,QUALITIES
scharfA,scharf::A,1396,SHARP,SHARP,QUALITIES
stumpfA,stumpf::A,379,BLUNT,BLUNT,QUALITIES
schwerA,schwer::A,1210,HEAVY,HEAVY,QUALITIES
schonA,schön::A,1427,BEAUTIFUL,BEAUTIFUL,QUALITIES
heiA,heiß::A,1286,HOT,HOT,QUALITIES
warmA,warm::A,1232,WARM,WARM,QUALITIES
kaltA,kalt::A,1287,COLD,COLD,QUALITIES
kuhlA,kühl::A,2483,COLD (OF WEATHER),COOL,QUALITIES
frischA,frisch::A,243,FRESH,FRESH,QUALITIES
feuchtA,feucht::A,2998,DAMP,DAMP,QUALITIES
nassA,nass::A,1726,WET,WET,QUALITIES
trockenA,trocken::A,1398,DRY,DRY,NATURE
vollA,voll::A,1429,FULL,FULL,QUALITIES
leerA,leer::A,1624,EMPTY,EMPTY,QUALITIES
offenA,offen::A,,,OPEN_(OF_DOOR),QUALITIES
geschlossenA,geschlossen::A,589,CLOSED,CLOSED,QUALITIES
sauberA,sauber::A,704,CLEAN,CLEAN,HYGIENE
schmutzigA,schmutzig::A,1230,DIRTY,DIRTY,QUALITIES
rohA,roh::A,1959,RAW,RAW,QUALITIES
reifA,reif::A,178,RIPE,RIPE,QUALITIES
leckerA,lecker::A,1813,TASTY,TASTY,QUALITIES
suA,süß::A,717,SWEET,SWEET,QUALITIES
bitterA,bitter::A,887,BITTER,BITTER,QUALITIES
sauerA,sauer::A,1906,SOUR,SOUR,QUALITIES
hellA,hell::A,679,BRIGHT,BRIGHT,SENSES
dunkelA,dunkel::A,706,DARK,DARK,SENSES
schwarzA,schwarz::A,163,BLACK,BLACK,SENSES
weiA,weiß::A,1335,WHITE,WHITE,SENSES
rotA,rot::A,156,RED,RED,SENSES
gelbA,gelb::A,1424,YELLOW,YELLOW,SENSES
blauA,blau::A,837,BLUE,BLUE,SENSES
grunA,grün::A,1425,GREEN,GREEN,SENSES
grauA,grau::A,153,GREY,GREY,SENSES
buntA,bunt::A,2997,COLORFUL,COLORFUL,SENSES
billigA,billig::A,1887,CHEAP,CHEAP,TRADE
teuerA,teuer::A,1426,EXPENSIVE,EXPENSIVE,TRADE
wertvollA,wertvoll::A,3002,PRECIOUS,PRECIOUS,TRADE
blindA,blind::A,1653,BLIND,BLIND,HUMAN BODY
taubA,taub::A,996,DEAF,DEAF,HUMAN BODY
kraftigA,kräftig::A,3001,POWERFUL,POWERFUL,HUMAN BODY
starkA,stark::A,785,STRONG,STRONG,HUMAN BODY
schwachA,schwach::A,1601,WEAK,WEAK,HUMAN BODY
fettA,fett::A,1279,FAT (OBESE),FAT_(OBESE),HUMAN BODY
schlankA,schlank::A,1400,THIN (SLIM),THIN_(SLIM),HUMAN BODY
hubschA,hübsch::A,2410,GOOD-LOOKING,GOOD-LOOKING,HUMAN BODY
boseA,böse::A,45,EVIL,EVIL,PERSONALITY
dummA,dumm::A,1518,STUPID,STUPID,PERSONALITY
faulA,faul::A,1564,LAZY,LAZY,PERSONALITY
fleiigA,fleißig::A,2077,DILIGENT,DILIGENT,PERSONALITY
geizigA,geizig::A,1774,STINGY,STINGY,PERSONALITY
klugA,klug::A,1310,CLEVER,CLEVER,PERSONALITY
geschicktA,geschickt::A,1824,DEXTEROUS,DEXTEROUS,PERSONALITY
liebA,lieb::A,2470,DEAR,DEAR,PERSONALITY
lustigA,lustig::A,1976,MERRY,MERRY,PERSONALITY
sanftA,sanft::A,1954,GENTLE,GENTLE,PERSONALITY
hungrigA,hungrig::A,1533,BE HUNGRY,BE_HUNGRY,HUMAN BODY
krankA,krank::A,1847,SICK,SICK,HUMAN BODY
nacktA,nackt::A,590,NAKED,NAKED,HUMAN BODY
traurigA,traurig::A,699,SAD,SAD,PERSONALITY
lebendigA,lebendig::A,3000,LIVING,LIVING,RELIGION
gutA,gut::A,1035,GOOD,GOOD,THINKING
schlechtA,schlecht::A,1292,BAD,BAD,THINKING
richtigA,richtig::A,1725,CORRECT (RIGHT),CORRECT_(RIGHT),THINKING
schlimmA,schlimm::A,419,SEVERE,SEVERE,THINKING
wahrA,wahr::A,1657,TRUE,TRUE,THINKING
altA,alt::A,1229,OLD,OLD_(USED),TIME
neuA,neu::A,1231,NEW,NEW,TIME
ehemaligA,ehemalig::A,3004,FORMER,FORMER,TIME
altLebewesenA,alt[Lebewesen]::A,2112,OLD (AGED),OLD_(AGED),TIME
jungA,jung::A,1207,YOUNG,YOUNG,TIME
armA,arm::A,1674,POOR,POOR,TRADE
reichA,reich::A,712,RICH,RICH,TRADE
bekanntA,bekannt::A,3005,FAMILIAR,FAMILIAR,THINKING
beruhmtA,berühmt::A,,,FAME,THINKING
fremdA,fremd::A,109,FOREIGN,FOREIGN,THINKING
verschiedenA,verschieden::A,2504,DIFFERENT,DIFFERENT,THINKING
nahA,nah::A,1942,NEAR,NEAR,PLACE
fernA,fern::A,1406,FAR,FAR,PLACE
linkerA,linker::A,244,LEFT,LEFT,PLACE
rechterA,rechter::A,1019,RIGHT,RIGHT,PLACE
andererA,anderer::A,197,OTHER,OTHER,THINKING
ersterA,erster::A,728,FIRST,FIRST,MATHEMATICS
zweiterA,zweiter::A,1384,SECOND,SECOND,MATHEMATICS
dritterA,dritter::A,1859,THIRD,THIRD,MATHEMATICS
letzterA,letzter::A,1529,LAST (FINAL),LAST_(FINAL),MATHEMATICS
alleinADV,allein::ADV,1964,ALONE,ALONE,THINKING
aufeinmalADV,auf einmal::ADV,1963,IMMEDIATELY,ALL_AT_ONCE,THINKING
zusammenADV,zusammen::ADV,2482,TOGETHER,TOGETHER,THINKING
langeADV,lange::ADV,,,FOR_A_LONG_TIME,TIME
plotzlichADV,plötzlich::ADV,2920,SUDDENLY,SUDDENLY,TIME
sofortADV,sofort::ADV,2916,INSTANTLY,INSTANTLY,TIME
spaterADV,später::ADV,,,LATER,TIME
jetztADV,jetzt::ADV,1376,NOW,NOW,TIME
heuteADV,heute::ADV,1283,TODAY,TODAY,TIME
morgenADV,morgen::ADV,1329,TOMORROW,TOMORROW,TIME
baldADV,bald::ADV,703,SOON,SOON,TIME
dannADV,dann::ADV,2921,THEN,THEN,TIME
gesternADV,gestern::ADV,1174,YESTERDAY,YESTERDAY,TIME
einstADV,einst::ADV,2914,ONCE (IN THE PAST),ONCE_(IN_THE_PAST),TIME
damalsADV,damals::ADV,2922,AT THAT TIME,AT_THAT_TIME,TIME
danachADV,danach::ADV,2093,AFTERWARDS,AFTERWARDS,TIME
vorherADV,vorher::ADV,1882,BEFORE,BEFORE,TIME
zuerstADV,zuerst::ADV,2915,AT FIRST,AT_FIRST,TIME
einmalADV,einmal::ADV,374,ONE TIME,ONE_TIME,TIME
manchmalADV,manchmal::ADV,1544,SOMETIMES,SOMETIMES,TIME
oftADV,oft::ADV,1852,OFTEN,OFTEN,TIME
immerADV,immer::ADV,1676,ALWAYS,ALWAYS,TIME
niemalsADV,niemals::ADV,1656,NEVER,NEVER,TIME
hierADV,hier::ADV,136,HERE,HERE,PLACE
hierhinADV,hierhin::ADV,2925,HITHER (HERE TO),HITHER,PLACE
vonhierADV,von hier::ADV,2927,FROM HERE,HENCE,PLACE
dortADV,dort::ADV,1937,THERE,THERE,PLACE
dorthinADV,dorthin::ADV,2923,THITHER (THERE TO),THITHER,PLACE
geradeausADV,geradeaus::ADV,1404,STRAIGHT,AHEAD,PLACE
vorwartsADV,vorwärts::ADV,2912,FORWARD,FORWARD,PLACE
ruckwartsADV,rückwärts::ADV,2911,BACKWARD,BACKWARD,PLACE
zuruckADV,zurück::ADV,2910,BACK (DIRECTION),BACK_(DIRECTION),PLACE
untenADV,unten::ADV,,,DOWN_OR_BELOW,PLACE
hinabADV,hinab::ADV,1326,DOWN,DOWN,PLACE
obenADV,oben::ADV,1741,ABOVE,ABOVE,PLACE
hinaufADV,hinauf::ADV,1591,UP,UP,PLACE
uberallADV,überall::ADV,2999,EVERYWHERE,EVERYWHERE,PLACE
nichtADV,nicht::ADV,1240,NOT,NOT,THINKING
einwenigADV,ein wenig::ADV,2924,A LITTLE,A_LITTLE,THINKING
kaumADV,kaum::ADV,2926,HARDLY,HARDLY,THINKING
sehrADV,sehr::ADV,1311,VERY,VERY,THINKING
soADV,so::ADV,2336,OF THIS KIND (SUCH),SO_(IN_THIS_WAY),THINKING
nochADV,noch::ADV,2919,STILL (CONTINUING),STILL,TIME
nurADV,nur::ADV,1580,ONLY,ONLY,THINKING
schonADV,schon::ADV,2576,ALREADY,ALREADY,TIME
wiederADV,wieder::ADV,204,AGAIN,AGAIN,TIME
vergebensADV,vergebens::ADV,1765,IN VAIN,IN_VAIN,THINKING
vorPRP,vor::PRP,1883,IN FRONT OF,IN_FRONT_OF,PLACE
hinterPRP,hinter::PRP,1686,BEHIND,BEHIND,PLACE
unterPRP,unter::PRP,,,BELOW_OR_UNDER,PLACE
durchPRP,durch::PRP,97,THROUGH,THROUGH,PLACE
nebenPRP,neben::PRP,2917,NEXT TO,NEXT_TO,PLACE
zwischenPRP,zwischen::PRP,689,BETWEEN,BETWEEN,PLACE
wegenPRP,wegen::PRP,2918,BECAUSE OF,BECAUSE_OF,THINKING
diesPRN,dies::PRN,1214,THIS,THIS,PRONOUNS
dasPRN,das::PRN,78,THAT,THAT,PRONOUNS
allesPRN,alles::PRN,98,ALL,ALL,PRONOUNS
ichPRN,ich::PRN,1209,I,I,PRONOUNS
duPRN,du::PRN,1215,THOU,THOU,PRONOUNS
erPRN,er::PRN,262,HE OR SHE OR IT,HE_OR_SHE_OR_IT,PRONOUNS
wirPRN,wir::PRN,1212,WE,WE,PRONOUNS
ihrPRN,ihr::PRN,1213,YOU,YOU,PRONOUNS
siePRN,sie::PRN,817,THEY,THEY,PRONOUNS
wasFPRN,was::FPRN,1236,WHAT,WHAT,QUESTIONS
werFPRN,wer::FPRN,1235,WHO,WHO,QUESTIONS
woFADV,wo::FADV,1237,WHERE,WHERE,QUESTIONS
wohinFADV,wohin::FADV,2928,WHITHER (WHERE TO),WHITHER,QUESTIONS
wieFADV,wie::FADV,1239,HOW,HOW,QUESTIONS
warumFADV,warum::FADV,1270,WHY,WHY,QUESTIONS
wievielFNUM,wieviel::FNUM,531,HOW MUCH,HOW_MUCH,QUESTIONS
einsNUM,eins::NUM,1493,ONE,ONE,MATHEMATICS
zweiNUM,zwei::NUM,1498,TWO,TWO,MATHEMATICS
dreiNUM,drei::NUM,492,THREE,THREE,MATHEMATICS
vierNUM,vier::NUM,1500,FOUR,FOUR,MATHEMATICS
funfNUM,fünf::NUM,493,FIVE,FIVE,MATHEMATICS
sechsNUM,sechs::NUM,1703,SIX,SIX,MATHEMATICS
siebenNUM,sieben::NUM,1704,SEVEN,SEVEN,MATHEMATICS
achtNUM,acht::NUM,1705,EIGHT,EIGHT,MATHEMATICS
neunNUM,neun::NUM,1483,NINE,NINE,MATHEMATICS
zehnNUM,zehn::NUM,1515,TEN,TEN,MATHEMATICS
elfNUM,elf::NUM,1706,ELEVEN,ELEVEN,MATHEMATICS
zwolfNUM,zwölf::NUM,1707,TWELVE,TWELVE,MATHEMATICS
zwanzigNUM,zwanzig::NUM,1710,TWENTY,TWENTY,MATHEMATICS
dreiigNUM,dreißig::NUM,1715,THIRTY,THIRTY,MATHEMATICS
vierzigNUM,vierzig::NUM,1716,FORTY,FORTY,MATHEMATICS
funfzigNUM,fünfzig::NUM,1717,FIFTY,FIFTY,MATHEMATICS
sechzigNUM,sechzig::NUM,1718,SIXTY,SIXTY,MATHEMATICS
siebzigNUM,siebzig::NUM,1721,SEVENTY,SEVENTY,MATHEMATICS
achtzigNUM,achtzig::NUM,1722,EIGHTY,EIGHTY,MATHEMATICS
neunzigNUM,neunzig::NUM,1724,NINETY,NINETY,MATHEMATICS
hundertNUM,hundert::NUM,1634,HUNDRED,HUNDRED,MATHEMATICS
tausendNUM,tausend::NUM,1843,THOUSAND,THOUSAND,MATHEMATICS
undCNJ,und::CNJ,1577,AND,AND,THINKING
oderCNJ,oder::CNJ,1014,OR,OR,THINKING
stehenV,stehen::V,1442,STAND,STAND,PLACE
sitzenV,sitzen::V,1416,SIT,SIT,PLACE
liegenV,liegen::V,1411,LIE (REST),LIE_(REST),PLACE
hangenV,hängen::V,2884,HANG,HANG,PLACE
werdenV,werden::V,1990,BECOME,BECOME,TIME
passierenV,passieren::V,248,HAPPEN,HAPPEN,TIME
beginnenV,beginnen::V,,,START,TIME
endenV,enden::V,1928,CEASE,CEASE,TIME
wechselnV,wechseln::V,2857,CHANGE (BECOME DIFFERENT),CHANGE_(BECOME_DIFFERENT),TIME
aufgehenSonneV,aufgehen[Sonne]::V,,,RISE_(MOVE_UPWARDS),MOVEMENT
untergehenSonneV,untergehen[Sonne]::V,160,SET (HEAVENLY BODIES),SET_(HEAVENLY_BODIES),NATURE
scheinenSonneV,scheinen[Sonne]::V,708,SHINE,SHINE,NATURE
donnernV,donnern::V,2378,THUNDER (VERB),THUNDER_(VERB),NATURE
wehenV,wehen::V,175,BLOW (OF WIND),BLOW_(OF_WIND),NATURE
stromenV,strömen::V,2858,STREAM (FLOW CONTINUOUSLY),FLOW_(OF_RIVER),MOVEMENT
flieenV,fließen::V,2003,FLOW,FLOW,MOVEMENT
sichdrehenV,sich drehen::V,,,REVOLVE,MOVEMENT
schwankenV,schwanken::V,573,SWAY,SWAY,MOVEMENT
schwingenV,schwingen::V,2871,SWING (MOVEMENT),SWING_(MOVEMENT),MOVEMENT
fallenV,fallen::V,1280,FALL,FALL,MOVEMENT
brennenV,brennen::V,1428,BURNING,BURNING,NATURE
rauchenV,rauchen::V,2859,SMOKE (EMIT SMOKE),SMOKE_(EMIT_SMOKE),NATURE
regnenV,regnen::V,1253,RAIN (RAINING),RAIN_(RAINING),NATURE
gefrierenV,gefrieren::V,1431,FREEZE,FREEZE,NATURE
tauenV,tauen::V,2887,THAW (DEW),THAW,NATURE
schmelzenV,schmelzen::V,2334,MELT,MELT,NATURE
trocknenV,trocknen::V,1786,DRY UP,DRY_UP,QUALITIES
siedenV,sieden::V,792,BOIL (OF LIQUID),BOIL_(OF_LIQUID),NATURE
faulenV,faulen::V,569,SPOIL (BECOME SPOILED),SPOIL_(BECOME_SPOILED),NATURE
verfaulenV,verfaulen::V,2907,ROT,DECAY,NATURE
reienV,reißen::V,460,BREAK (OF ROPE),SNAP_(INTO_BITS),NATURE
versinkenV,versinken::V,2908,SINK (DISAPPEAR IN WATER),SINK_(IN_WATER),MOVEMENT
vergehenV,vergehen::V,1951,PASS,PASS,TIME
erscheinenV,erscheinen::V,1076,EMERGE (APPEAR),APPEAR,SENSES
verschwindenV,verschwinden::V,485,DISAPPEAR,DISAPPEAR,SENSES
sinkenV,sinken::V,1088,SINK (DESCEND),DROP_(MOVEMENT),MANIPULATION
abnehmenV,abnehmen::V,2864,DECREASE,DECREASE,MATHEMATICS
zunehmenV,zunehmen::V,1041,INCREASE,INCREASE,MATHEMATICS
steigenV,steigen::V,568,RISE (MOVE UPWARDS),RISE_(MOVEMENT),NATURE
wachsenV,wachsen::V,479,GROW,GROW,PLANTS
glanzenV,glänzen::V,,,SHINE_(OF_METAL),SENSES
funkelnV,funkeln::V,2889,TWINKLE,TWINKLE,SENSES
larmenV,lärmen::V,,,BE_NOISY,SENSES
lautenV,läuten::V,2897,CHIME (ACTION),CHIME,SENSES
klingelnV,klingeln::V,2875,RING (MAKE SOUND),RING_(SIGNAL),SENSES
klirrenV,klirren::V,2888,TINKLE,TINKLE,SENSES
brausenV,brausen::V,2876,ROAR (OF SEA),ROAR_(OF_SEA),SENSES
rauschenV,rauschen::V,2877,RUSTLE (OF LEAVES),RUSTLE_(OF_LEAVES),SENSES
klingenV,klingen::V,2879,SOUND (OF INSTRUMENT OR VOICE),SOUND_(OF_INSTRUMENT),SENSES
bellenV,bellen::V,1206,BARKING,BARKING,ANIMALS
heulenV,heulen::V,526,HOWL,HOWL,ANIMALS
blasenV,blasen::V,176,BLOW (WITH MOUTH),BLOW_(WITH_MOUTH),HUMAN BODY
pfeifenV,pfeifen::V,1025,WHISTLE,WHISTLE,HUMAN BODY
schreienV,schreien::V,715,SHOUT,SHOUT,HUMAN BODY
stohnenV,stöhnen::V,716,GROAN,GROAN,HUMAN BODY
zitternV,zittern::V,52,SHIVER,TREMBLE,HUMAN BODY
lebenV,leben::V,1422,BE ALIVE,BE_ALIVE,RELIGION
geborenwerdenV,geboren werden::V,1090,BE BORN,BE_BORN,RELIGION
atmenV,atmen::V,1407,BREATHE,BREATHE,HUMAN BODY
trinkenV,trinken::V,1401,DRINK,DRINK,HUMAN BODY
essenV,essen::V,1336,EAT,EAT,HUMAN BODY
schluckenV,schlucken::V,897,SWALLOW,SWALLOW,HUMAN BODY
mudewerdenV,müde werden::V,1996,GET TIRED,GET_TIRED,HUMAN BODY
einschlafenV,einschlafen::V,1106,FALL ASLEEP,FALL_ASLEEP,HUMAN BODY
schlafenV,schlafen::V,1585,SLEEP,SLEEP,HUMAN BODY
aufwachenV,aufwachen::V,,,WAKE_UP,HUMAN BODY
aufstehenV,aufstehen::V,,,ARISE_(FROM_SLEEP),HUMAN BODY
sicherholenV,sich erholen::V,168,REST,REST,HUMAN BODY
krankwerdenV,krank werden::V,2327,BECOME SICK,BECOME_SICK,HUMAN BODY
krankseinV,krank sein::V,,,BE_ILL,HUMAN BODY
schmerzenV,schmerzen::V,1815,ACHE,ACHE,HUMAN BODY
hustenV,husten::V,879,COUGH,COUGH,HUMAN BODY
genesenV,genesen::V,1978,RECOVER,RECOVER,HUMAN BODY
sterbenV,sterben::V,1494,DIE,DIE,RELIGION
umkommenV,umkommen::V,2865,DIE (FROM ACCIDENT),PERISH_(OF_HUMAN),RELIGION
sichbewegenV,sich bewegen::V,2874,MOVE (ONESELF),MOVE_(OF_PERSON),MOVEMENT
sichruhrenV,sich rühren::V,2861,BUDGE (ONESELF),BUDGE,MOVEMENT
sicherhebenV,sich erheben::V,570,STAND UP,STAND_UP,MOVEMENT
sichsetzenV,sich setzen::V,1649,SIT DOWN,SIT_DOWN,MOVEMENT
hinfallenV,hinfallen::V,2894,TUMBLE (FALL DOWN),TUMBLE,MOVEMENT
laufenV,laufen::V,1443,WALK,WALK,MOVEMENT
schreitenV,schreiten::V,2065,STEP (VERB),STEP_(VERB),MOVEMENT
spazierengehenV,spazierengehen::V,2890,WALK (TAKE A WALK),TAKE_A_WALK,MOVEMENT
eilenV,eilen::V,2860,BOLT (MOVE IN HASTE),MOVE_IN_HASTE,MOVEMENT
sichbeeilenV,sich beeilen::V,754,HURRY,HURRY_UP,MOVEMENT
sausenV,sausen::V,2863,DASH (OF VEHICLE),DASH_(OF_VEHICLE),MOVEMENT
rennenV,rennen::V,1519,RUN,RUN,MOVEMENT
springenV,springen::V,1829,JUMP,JUMP,MOVEMENT
kletternV,klettern::V,1102,CLIMB,CLIMB,MOVEMENT
schaukelnV,schaukeln::V,,,SEESAW_(ACTION),MOVEMENT
kriechenV,kriechen::V,96,CRAWL,CRAWL,MOVEMENT
schwimmenV,schwimmen::V,1439,SWIM,SWIM,MOVEMENT
tauchenV,tauchen::V,119,DIVE,DIVE,MOVEMENT
rudernV,rudern::V,1849,ROW,ROW,TRAVEL
fahrenV,fahren::V,741,DRIVE,DRIVE,SUBSISTENCE
fliegenV,fliegen::V,1441,FLY (MOVE THROUGH AIR),FLY_(MOVE_THROUGH_AIR),MOVEMENT
gehenV,gehen::V,695,GO,GO,MOVEMENT
weggehenV,weggehen::V,1752,LEAVE,LEAVE,MOVEMENT
abfahrenV,abfahren::V,,,DEPART,MOVEMENT
anhaltenV,anhalten::V,2880,HALT (STOP),STOP_(OF_MOVEMENT),MOVEMENT
hineingehenV,hineingehen::V,749,ENTER,GO_INSIDE,MOVEMENT
eintretenV,eintreten::V,,,ENTER,MOVEMENT
kommenV,kommen::V,1446,COME,COME,MOVEMENT
ankommenV,ankommen::V,1387,ARRIVE,ARRIVE,MOVEMENT
zuruckkommenV,zurückkommen::V,581,COME BACK,COME_BACK,MOVEMENT
bleibenV,bleiben::V,987,REMAIN,REMAIN,MOVEMENT
wartenV,warten::V,,,WAIT_(FOR),THINKING
erwartenV,erwarten::V,1590,WAIT (FOR),AWAIT,THINKING
suchenV,suchen::V,1468,LOOK FOR,LOOK_FOR,THINKING
findenV,finden::V,719,FIND,FIND,THINKING
versuchenV,versuchen::V,1812,TRY,TRY,THINKING
vorbereitenV,vorbereiten::V,2909,PREPARE,PREPARE,THINKING
liebenV,lieben::V,923,LOVE,LOVE,EMOTIONS
mogenV,mögen::V,1117,LIKE,LIKE,EMOTIONS
lachenV,lachen::V,1355,LAUGH,LAUGH,EMOTIONS
ruhrenV,rühren::V,2873,MOVE (AFFECT EMOTIONALLY),MOVE_EMOTIONALLY,EMOTIONS
weinenV,weinen::V,1839,CRY,CRY,EMOTIONS
schimpfenV,schimpfen::V,,,GRUMBLE,EMOTIONS
sichargernV,sich ärgern::V,2223,BE ANGRY,BE_ANNOYED,EMOTIONS
sichfurchtenV,sich fürchten::V,1419,FEAR (BE AFRAID),BE_AFRAID,EMOTIONS
furchtenV,fürchten::V,,,FEAR_(BE_AFRAID),EMOTIONS
fliehenV,fliehen::V,956,FLEE,FLEE,EMOTIONS
fluchtenV,flüchten::V,1615,ESCAPE,ESCAPE,MOVEMENT
sehenV,sehen::V,1409,SEE,SEE,SENSES
anschauenV,anschauen::V,1819,LOOK,LOOK,SENSES
ansehenV,ansehen::V,1650,WATCH,WATCH,SENSES
horenV,hören::V,1408,HEAR,HEAR,SENSES
zuhorenV,zuhören::V,1608,LISTEN,LISTEN,SENSES
probierenV,probieren::V,21,TASTE (SOMETHING),TASTE_(SOMETHING),SENSES
riechenV,riechen::V,1586,SMELL (PERCEIVE),SMELL_(PERCEIVE),SENSES
fuhlenV,fühlen::V,2559,FEEL (TACTUALLY),FEEL_(TACTUALLY),SENSES
scheinenV,scheinen::V,1521,SEEM,SEEM,SENSES
zusehenseinV,zu sehen sein::V,,,VISIBLE,SENSES
vernehmenV,vernehmen::V,,,HEAR_(INFORMATION),SENSES
frierenV,frieren::V,,,SHIVER,SENSES
tunV,tun::V,813,DO,DO,MODALITY
konnenV,können::V,972,BE ABLE,BE_ABLE,MODALITY
wollenV,wollen::V,1784,WANT,WANT,MODALITY
anfangenV,anfangen::V,1806,BEGIN,BEGIN,MODALITY
beendenV,beenden::V,1766,FINISH,FINISH,MODALITY
aufhorenV,aufhören::V,,,STOP_(OF_ACTIVITY),MODALITY
gelingenV,gelingen::V,1112,SUCCEED,SUCCEED,MODALITY
geratenV,geraten::V,1723,RESULT IN,RESULT_IN,MODALITY
offnenV,öffnen::V,1156,OPEN,OPEN,MANIPULATION
schlieenV,schließen::V,1046,SHUT,SHUT,MANIPULATION
stellenV,stellen::V,998,PUT,PUT,MANIPULATION
setzenV,setzen::V,,,CAUSE_TO_SIT,MANIPULATION
legenV,legen::V,2071,LAY (VERB),LAY_(VERB),MANIPULATION
beruhrenV,berühren::V,1892,TOUCH,TOUCH,MANIPULATION
verbindenV,verbinden::V,2862,CONNECT,CONNECT,MANIPULATION
bedeckenV,bedecken::V,761,COVER,COVER,MANIPULATION
aufhangenV,aufhängen::V,357,HANG UP,HANG_UP,MANIPULATION
anzundenV,anzünden::V,737,LIGHT (IGNITE),LIGHT_(IGNITE),MANIPULATION
aufhebenV,aufheben::V,371,PICK UP,PICK_UP,MANIPULATION
zurucklassenV,zurücklassen::V,,,LEAVE_(SOMETHING),MANIPULATION
verlierenV,verlieren::V,1660,LOSE,LOSE_(SOMETHING),MANIPULATION
fallenlassenV,fallen lassen::V,2866,DROP (SOMETHING),DROP_(SOMETHING),MOVEMENT
machenV,machen::V,734,MAKE,MAKE,CRAFTS
herstellenV,herstellen::V,2886,PRODUCE,PRODUCE,CRAFTS
bauenV,bauen::V,1840,BUILD,BUILD,CRAFTS
reparierenV,reparieren::V,2243,REPAIR,REPAIR,CRAFTS
verbessernV,verbessern::V,2872,IMPROVE (SOMETHING),IMPROVE_(SOMETHING),THINKING
andernV,ändern::V,1264,CHANGE,CHANGE,CLASSIFICATION
grabenV,graben::V,1418,DIG,DIG,MANIPULATION
beugenV,beugen::V,,,BEND,MANIPULATION
biegenV,biegen::V,2224,BEND (SOMETHING),BEND_(SOMETHING),MANIPULATION
drehenV,drehen::V,,,TURN_(SOMETHING),MANIPULATION
wendenV,wenden::V,1445,TURN (SOMETHING),FLIP,MANIPULATION
umdrehenV,umdrehen::V,1444,TURN AROUND,TURN_AROUND_(SOMETHING),MANIPULATION
hebenV,heben::V,,,RAISE,MANIPULATION
hochhebenV,hochheben::V,501,LIFT,LIFT,MANIPULATION
ergreifenV,ergreifen::V,855,SEIZE,GRASP,MANIPULATION
haltenV,halten::V,1448,HOLD,HOLD,MANIPULATION
druckenV,drücken::V,1913,PRESS,PRESS,MANIPULATION
schiebenV,schieben::V,1452,PUSH,PUSH,MANIPULATION
kratzenV,kratzen::V,1767,SCRAPE,SCRAPE,MANIPULATION
leckenV,lecken::V,319,LICK,LICK,MANIPULATION
beienV,beißen::V,1403,BITE,BITE,MANIPULATION
abreienV,abreißen::V,,,TEAR_(SHRED),MANIPULATION
abschneidenV,abschneiden::V,,,CUT_OFF,MANIPULATION
bindenV,binden::V,1917,TIE,TIE,MANIPULATION
steckenV,stecken::V,,,STICK_(SOMETHING),MANIPULATION
brechenV,brechen::V,680,BREAK (DESTROY OR GET DESTROYED),BREAK_(DESTROY_OR_GET_DESTROYED),MANIPULATION
klopfenV,klopfen::V,2396,KNOCK,KNOCK,MANIPULATION
hauenV,hauen::V,1433,HIT,HIT,MANIPULATION
klebenV,kleben::V,1069,GLUE,GLUE_(SOMETHING),MANIPULATION
reibenV,reiben::V,1449,RUB,RUB,MANIPULATION
streichenV,streichen::V,38,SPREAD OUT,SPREAD_(SOMETHING),MANIPULATION
schleifenV,schleifen::V,251,SHARPEN (SOMETHING),SHARPEN (SOMETHING),MANIPULATION
schneidenV,schneiden::V,1432,CUT,CUT,MANIPULATION
ruttelnV,rütteln::V,2899,JOG (SOMETHING),JOG,MANIPULATION
schuttelnV,schütteln::V,1909,SHAKE,SHAKE,MANIPULATION
schwenkenV,schwenken::V,2901,SWING (SOMETHING),SWING_(SOMETHING),MANIPULATION
schuttenV,schütten::V,1487,POUR,POUR,MANIPULATION
fullenV,füllen::V,2006,FILL,FILL,MANIPULATION
einwickelnV,einwickeln::V,1113,WRAP,WRAP,MANIPULATION
tragenV,tragen::V,700,CARRY,CARRY,MANIPULATION
schleppenV,schleppen::V,2030,DRAG,DRAG,MANIPULATION
ziehenV,ziehen::V,1455,PULL,PULL,MANIPULATION
aufbewahrenV,aufbewahren::V,1477,KEEP,KEEP,MANIPULATION
werfenV,werfen::V,1456,THROW,THROW,MANIPULATION
fangenV,fangen::V,702,CATCH,CATCH,SUBSISTENCE
packenV,packen::V,,,GRAB_(SOMETHING),MANIPULATION
versteckenV,verstecken::V,2485,HIDE (ONESELF),HIDE_(CONCEAL),MANIPULATION
teilenV,teilen::V,1119,DIVIDE,DIVIDE,MANIPULATION
schickenV,schicken::V,1127,SEND,SEND,MANIPULATION
bringenV,bringen::V,692,BRING,BRING,MANIPULATION
hinzufugenV,hinzufügen::V,2882,ADD,ADD,MANIPULATION
bekommenV,bekommen::V,,,GET,MANIPULATION
erhaltenV,erhalten::V,694,GET,RECEIVE,MANIPULATION
nehmenV,nehmen::V,1749,TAKE,TAKE,MANIPULATION
wahlenV,wählen::V,1750,CHOOSE,CHOOSE,MANIPULATION
auswahlenV,auswählen::V,,,SELECT,MANIPULATION
bewahrenV,bewahren::V,1997,PRESERVE,PRESERVE,MANIPULATION
behindernV,behindern::V,554,HINDER,HINDER,NEGATIVE INTERACTION
verderbenV,verderben::V,92,SPOIL (SOMEBODY OR SOMETHING),SPOIL_(SOMEBODY_OR_SOMETHING),THINKING
beschadigenV,beschädigen::V,1116,DAMAGE,DAMAGE,MANIPULATION
zerbrechenV,zerbrechen::V,2558,BREAK (CLEAVE),BREAK_(CLEAVE),MANIPULATION
zerreienV,zerreißen::V,1735,TEAR (SHRED),SHRED,MANIPULATION
zerstorenV,zerstören::V,681,DESTROY,DESTROY,MANIPULATION
verbrennenV,verbrennen::V,141,BURN (SOMETHING),BURN_(SOMETHING),MANIPULATION
gebenV,geben::V,1447,GIVE,GIVE,POSITIVE INTERACTION
reichenV,reichen::V,,,PASS_(SOMETHING),POSITIVE INTERACTION
schenkenV,schenken::V,196,DONATE,DONATE,POSITIVE INTERACTION
versprechenV,versprechen::V,1675,PROMISE,PROMISE,POSITIVE INTERACTION
wunschenV,wünschen::V,,,WISH_(SOMEONE_SOMETHING),POSITIVE INTERACTION
lobenV,loben::V,1687,PRAISE,PRAISE,POSITIVE INTERACTION
kussenV,küssen::V,578,KISS,KISS,POSITIVE INTERACTION
wiegenV,wiegen::V,,,ROCK_(A_CHILD),POSITIVE INTERACTION
zudeckenV,zudecken::V,,,COVER_(A_CHILD),POSITIVE INTERACTION
weckenV,wecken::V,1602,WAKE UP,WAKE,POSITIVE INTERACTION
zeigenV,zeigen::V,1039,SHOW,SHOW,POSITIVE INTERACTION
fuhrenV,führen::V,,,GUIDE_(TO_DESTINATION),POSITIVE INTERACTION
lehrenV,lehren::V,709,TEACH,TEACH,POSITIVE INTERACTION
unterrichtenV,unterrichten::V,,,INSTRUCT,POSITIVE INTERACTION
aufziehenV,aufziehen::V,2134,RAISE (A CHILD),RAISE_(A_CHILD),POSITIVE INTERACTION
leitenV,leiten::V,43,LEAD (GUIDE),LEAD_(GUIDE),POSITIVE INTERACTION
antreibenV,antreiben::V,2881,URGE (SOMEONE),URGE_(SOMEONE),POSITIVE INTERACTION
lassenV,lassen::V,2896,CAUSE TO (LET),CAUSE_SOMEONE_TO,POSITIVE INTERACTION
einladenV,einladen::V,1611,INVITE,INVITE,POSITIVE INTERACTION
vereinigenV,vereinigen::V,1743,JOIN,JOIN,POSITIVE INTERACTION
besuchenV,besuchen::V,1377,VISIT,VISIT,POSITIVE INTERACTION
treffenV,treffen::V,1831,MEET,ENCOUNTER,POSITIVE INTERACTION
sichversammelnV,sich versammeln::V,,,MEET,POSITIVE INTERACTION
spielenV,spielen::V,1413,PLAY,PLAY,POSITIVE INTERACTION
singenV,singen::V,1261,SING,SING,POSITIVE INTERACTION
tanzenV,tanzen::V,1879,DANCE,DANCE,POSITIVE INTERACTION
sichtrennenV,sich trennen::V,1359,SEPARATE,PART_WAYS,NEGATIVE INTERACTION
verlassenV,verlassen::V,,,LEAVE_(SOMEONE),NEGATIVE INTERACTION
rettenV,retten::V,2008,RESCUE,RESCUE,POSITIVE INTERACTION
bewachenV,bewachen::V,1940,GUARD,GUARD_(SOMEONE),WARFARE
schutzenV,schützen::V,2900,PROTECT,PROTECT,WARFARE
verteidigenV,verteidigen::V,1330,DEFEND,DEFEND,WARFARE
sichschlagenV,sich schlagen::V,2902,BRAWL (FIGHT),BRAWL,NEGATIVE INTERACTION
schieenV,schießen::V,1172,SHOOT,SHOOT,WARFARE
siegenV,siegen::V,866,WIN,WIN,WARFARE
argernV,ärgern::V,2892,MAKE ANGRY (ANNOY),ANNOY,NEGATIVE INTERACTION
schlagenV,schlagen::V,1665,BEAT,BEAT,NEGATIVE INTERACTION
tretenV,treten::V,1135,KICK,KICK,NEGATIVE INTERACTION
stechenV,stechen::V,571,STING,STING,NEGATIVE INTERACTION
stoenV,stoßen::V,,,SHOVE_(SOMEONE),NEGATIVE INTERACTION
stehlenV,stehlen::V,713,STEAL,STEAL,NEGATIVE INTERACTION
storenV,stören::V,2883,DISTURB,DISTURB_(SOMEONE),NEGATIVE INTERACTION
belastigenV,belästigen::V,2869,BOTHER (HARASS),BOTHER,NEGATIVE INTERACTION
verbergenV,verbergen::V,602,HIDE (CONCEAL),CONCEAL,NEGATIVE INTERACTION
tauschenV,täuschen::V,,,DECEIVE,THINKING
betrugenV,betrügen::V,1902,BETRAY,BETRAY,NEGATIVE INTERACTION
totenV,töten::V,1417,KILL,KILL,NEGATIVE INTERACTION
wohnenV,wohnen::V,363,"DWELL (LIVE, RESIDE)","DWELL_(LIVE,_RESIDE)",HOUSING
arbeitenV,arbeiten::V,1086,WORK (ACTIVITY),WORK_(ACTIVITY),SOCIAL RELATIONS
sammelnV,sammeln::V,7,GATHER,GATHER,SUBSISTENCE
pfluckenV,pflücken::V,2148,PICK,PICK,SUBSISTENCE
jagenV,jagen::V,1435,HUNT,HUNT,SUBSISTENCE
fischenV,fischen::V,2638,FISHING,CATCH_FISH,SUBSISTENCE
fassenV,fassen::V,,,CATCH_(AN_ANIMAL),MANIPULATION
hutenV,hüten::V,2885,HERD (SOMETHING),HERD_(CATTLE),SUBSISTENCE
treibenV,treiben::V,2868,DRIVE (CATTLE),DRIVE_(CATTLE),TRAVEL
anbindenV,anbinden::V,2891,TIE UP (TETHER),TIE_UP,SUBSISTENCE
futternV,füttern::V,739,FEED,FEED,SUBSISTENCE
melkenV,melken::V,93,DRAW MILK,DRAW_MILK,SUBSISTENCE
hackenV,hacken::V,155,CHOP,CHOP,SUBSISTENCE
gieenV,gießen::V,,,WATER_(A_PLANT),SUBSISTENCE
reifenV,reifen::V,179,RIPEN,RIPEN,PLANTS
zubereitenV,zubereiten::V,1100,COOK (SOMETHING),COOK_(SOMETHING),SUBSISTENCE
kochenV,kochen::V,2492,BOIL (SOMETHING),BOIL_(SOMETHING),SUBSISTENCE
backenV,backen::V,183,BAKE,BAKE,SUBSISTENCE
bratenV,braten::V,991,FRY,FRY,SUBSISTENCE
umruhrenV,umrühren::V,696,STIR,STIR_(SOMETHING),SUBSISTENCE
strickenV,stricken::V,2905,KNIT,KNIT,CLOTHING
nahenV,nähen::V,1457,SEW,SEW,CLOTHING
farbenV,färben::V,157,DYE,DYE,CLOTHING
reinigenV,reinigen::V,2235,CLEAN (SOMETHING),CLEAN_(SOMETHING),QUALITIES
waschenV,waschen::V,1453,WASH,WASH,HYGIENE
abwischenV,abwischen::V,1454,WIPE,WIPE,HYGIENE
spulenV,spülen::V,2904,RINSE,RINSE,HYGIENE
fegenV,fegen::V,230,SWEEP,SWEEP,HYGIENE
kehrenV,kehren::V,,,SWEEP_(SOMETHING),MANIPULATION
badenV,baden::V,138,BATHE,BATHE,HYGIENE
sichwaschenV,sich waschen::V,,,WASH_(ONESELF),HYGIENE
ausziehenV,ausziehen::V,,,TAKE_OFF,CLOTHING
anziehenV,anziehen::V,158,PUT ON,PUT_ON,CLOTHING
sichanziehenV,sich anziehen::V,,,DRESS_UP,CLOTHING
kammenV,kämmen::V,2070,COMB (VERB),COMB_(VERB),HYGIENE
schmuckenV,schmücken::V,1739,DECORATE,DECORATE,HYGIENE
sagenV,sagen::V,1458,SAY,SAY,LANGUAGE
sprechenV,sprechen::V,1623,SPEAK,SPEAK,LANGUAGE
redenV,reden::V,2708,TALK,TALK_(TO_SOMEONE),LANGUAGE
sichunterhaltenV,sich unterhalten::V,2903,CHAT (WITH SOMEBODY),CHAT_(ACTIVITY),LANGUAGE
fragenV,fragen::V,1309,ASK (INQUIRE),ASK_(INQUIRE),LANGUAGE
bittenV,bitten::V,1828,ASK (REQUEST),ASK_(REQUEST),LANGUAGE
erzahlenV,erzählen::V,1711,TELL,TELL,LANGUAGE
mitteilenV,mitteilen::V,2898,CONVEY (A MESSAGE),CONVEY_(A_MESSAGE),LANGUAGE
nennenV,nennen::V,180,CALL BY NAME,CALL_BY_NAME,LANGUAGE
rufenV,rufen::V,1084,CALL,CALL,LANGUAGE
prahlenV,prahlen::V,101,BOAST,BOAST,LANGUAGE
ubersetzenV,übersetzen::V,2906,TRANSLATE,TRANSLATE,LANGUAGE
denkenV,denken::V,1415,THINK (REFLECT),THINK_(REFLECT),THINKING
glaubenV,glauben::V,1890,BELIEVE,BELIEVE,THINKING
bemerkenV,bemerken::V,2893,NOTICE (SOMETHING),NOTICE,THINKING
erkennenV,erkennen::V,2870,RECOGNIZE (SOMEBODY),RECOGNIZE,THINKING
begreifenV,begreifen::V,,,UNDERSTAND,THINKING
verstehenV,verstehen::V,1536,UNDERSTAND,UNDERSTAND_(ACOUSTICALLY),THINKING
lernenV,lernen::V,504,LEARN,LEARN,THINKING
wissenV,wissen::V,1410,KNOW (SOMETHING),KNOW_(SOMETHING),THINKING
sicherinnernanV,sich erinnern an::V,707,REMEMBER,REMEMBER,THINKING
vergessenV,vergessen::V,1523,FORGET,FORGET,THINKING
messenV,messen::V,1506,MEASURE,MEASURE,MATHEMATICS
zahlenV,zählen::V,1420,COUNT,COUNT,CLASSIFICATION
rechnenV,rechnen::V,2867,CALCULATE,CALCULATE,MATHEMATICS
lesenV,lesen::V,724,READ,READ,WRITING
malenV,malen::V,2001,PAINTING,PAINTING,WRITING
zeichnenV,zeichnen::V,,,DRAW_(WITH_PEN),WRITING
schreibenV,schreiben::V,1672,WRITE,WRITE,WRITING
besitzenV,besitzen::V,684,OWN,OWN,TRADE
kaufenV,kaufen::V,1869,BUY,BUY,TRADE
verkaufenV,verkaufen::V,1571,SELL,SELL,TRADE
bezahlenV,bezahlen::V,,,PAY_FOR,TRADE
zahlenV,zahlen::V,,,PAY,TRADE
beherrschenV,beherrschen::V,1846,RULE,RULE,POLITICS
ertragenV,ertragen::V,833,ENDURE,ENDURE,THINKING
